column,title,meta,url,hidden
Medium,What participatory evaluation actually looked like in six field sites,12 min read · July 2026,https://medium.com/@seanb,
Medium,Notes on running a copilot in eleven languages,8 min read · May 2026,https://medium.com/@seanb,
Medium,Craft as a method for reading generative models,6 min read · March 2026,https://medium.com/@seanb,
Gooey Blog,Bulk Runner: how we evaluate agents against human judgement,Product · June 2026,https://blog.gooey.ai/,
Gooey Blog,"Building an agent with a farmer co-operative, start to finish",Case study · April 2026,https://blog.gooey.ai/,
Gooey Blog,Why our evaluators are people before they are metrics,Method · February 2026,https://blog.gooey.ai/,
Events & Press,"Asian Voice: ""It's Already Homogenising Us"": Can Artists Push AI to Protect, Not Erase?",Interview · June 2026,https://drive.google.com/file/d/1vhAOJa-vv_5UoDvmmiD0OZRiWj6nLV0r/view?usp=sharing,
Events & Press,Hindustan Times: Advancing India's Creative Economy Through Skill Development,Feature · November 2025,https://drive.google.com/file/d/1YYqw7eLCsNShbwtZI29EoeO-Dwg8UHBQ/view?usp=sharing,
Events & Press,NVIDIA: Building More Builders — Gooey.AI Makes AI More Accessible Across Communities,Podcast · February 2025,https://drive.google.com/file/d/11YbSwT_Agka5PH2mZ2FMceGedm-k_V_G/view?usp=sharing,
